market_date,period,da_actual,da_pred,rt_actual,rt_pred,spread_actual,spread_pred,spread_probability
2026-06-15,1,433.0,390.2084617614746,361.568,384.63966369628906,-71.43200000000002,-5.568798065185547,0.1331203579902649
2026-06-15,2,400.0,363.08144187927246,349.409,335.141393661499,-50.59100000000001,-27.940048217773438,0.11659612506628036
2026-06-15,3,389.0,341.8499069213867,351.023,306.5326042175293,-37.976999999999975,-35.31730270385742,0.0662873312830925
2026-06-15,4,386.0,344.8071918487549,352.874,293.7905864715576,-33.125999999999976,-51.016605377197266,0.059084370732307434
2026-06-15,5,407.99,357.6049213409424,357.522,317.1437644958496,-50.46800000000002,-40.46115684509277,0.04192810878157616
2026-06-15,6,412.0,375.01302337646484,351.12,297.38963890075684,-60.879999999999995,-77.62338447570801,0.0692940279841423
2026-06-15,7,339.0,295.55059814453125,234.573,174.7709836959839,-104.42699999999999,-120.77961444854736,0.22824203968048096
2026-06-15,8,300.0,245.6443977355957,317.141,106.08544731140137,17.14100000000002,-139.55895042419434,0.3757762610912323
2026-06-15,9,300.0,222.4932746887207,332.297,101.23090553283691,32.297000000000025,-121.26236915588379,0.34254762530326843
2026-06-15,10,267.0,183.50561141967773,299.286,99.49269104003906,32.286,-84.01292037963867,0.40466630458831787
2026-06-15,11,141.03,147.89076042175293,2.327,125.9259147644043,-138.703,-21.964845657348633,0.49533480405807495
2026-06-15,12,58.72,26.72509765625,-80.0,122.31803321838379,-138.72,95.59293556213379,0.6922558546066284
2026-06-15,13,29.0,18.52455711364746,-80.0,139.33833408355713,-109.0,120.81377696990967,0.4995136260986328
2026-06-15,14,72.5,38.450565338134766,-80.0,68.04436874389648,-152.5,29.59380340576172,0.4462473690509796
2026-06-15,15,41.0,54.255130767822266,-80.0,67.73938632011414,-121.0,13.48425555229187,0.5301511883735657
2026-06-15,16,281.5,293.2598342895508,103.351,220.65289974212646,-178.149,-72.60693454742432,0.55267333984375
2026-06-15,17,326.5,293.6027297973633,120.823,246.69670009613037,-205.67700000000002,-46.90602970123291,0.448455810546875
2026-06-15,18,405.5,423.53893852233887,339.291,383.58061838150024,-66.209,-39.95832014083862,0.07386215776205063
2026-06-15,19,449.5,493.1900005340576,346.299,475.894330739975,-103.20100000000002,-17.29566979408264,0.04861924797296524
2026-06-15,20,439.5,490.1263828277588,348.798,461.3977451324463,-90.702,-28.7286376953125,0.05132061243057251
2026-06-15,21,385.54,452.53872299194336,349.427,427.8662736415863,-36.113,-24.672449350357056,0.05277112498879433
2026-06-15,22,387.26,444.6353340148926,349.372,425.3589792251587,-37.88799999999998,-19.276354789733887,0.08543761819601059
2026-06-15,23,435.0,427.4902687072754,361.258,382.7787175178528,-73.74200000000002,-44.71155118942261,0.01906178891658783
2026-06-15,24,424.0,426.8847007751465,361.518,385.49297189712524,-62.48200000000003,-41.39172887802124,0.027569560334086418
2026-06-16,1,458.0,428.571102142334,539.059,372.09732151031494,81.05899999999997,-56.47378063201904,0.027535639703273773
2026-06-16,2,438.25,410.0325164794922,518.029,356.15150451660156,79.779,-53.881011962890625,0.0185571126639843
2026-06-16,3,432.21,389.4907112121582,514.629,346.5759563446045,82.41900000000004,-42.91475486755371,0.012907186523079872
2026-06-16,4,439.0,395.35593032836914,516.556,355.95556926727295,77.55600000000004,-39.40036106109619,0.014455234631896019
2026-06-16,5,456.0,433.313533782959,527.45,405.41182804107666,71.45000000000005,-27.901705741882324,0.0288507342338562
2026-06-16,6,457.0,411.8880977630615,492.891,384.67051124572754,35.89100000000002,-27.217586517333984,0.05694952607154846
2026-06-16,7,329.5,334.23083114624023,184.643,284.8981113433838,-144.857,-49.332719802856445,0.08712160587310791
2026-06-16,8,284.32,293.64759635925293,387.135,224.48237228393555,102.815,-69.16522407531738,0.24870778620243073
2026-06-16,9,265.5,277.6767911911011,250.223,210.73691272735596,-15.276999999999987,-66.93987846374512,0.24520649015903473
2026-06-16,10,143.99,225.7687578201294,373.347,172.93648386001587,229.35699999999997,-52.832273960113525,0.09140605479478836
2026-06-16,11,20.0,152.27057647705078,540.651,56.99577474594116,520.651,-95.27480173110962,0.03906921297311783
2026-06-16,12,0.0,22.874999046325684,315.524,-47.82471942901611,315.524,-70.6997184753418,0.07444030046463013
2026-06-16,13,-30.0,-0.26971435546875,56.218,-24.79262924194336,86.218,-24.52291488647461,0.050313327461481094
2026-06-16,14,-31.0,8.160699367523193,36.401,25.9147310256958,67.40100000000001,17.754031658172607,0.12673218548297882
2026-06-16,15,0.0,22.745777130126953,-75.294,106.32066369056702,-75.294,83.57488656044006,0.3918941617012024
2026-06-16,16,145.5,254.21141505241394,-80.0,326.9854428768158,-225.5,72.77402782440186,0.6224366426467896
2026-06-16,17,314.0,315.03281021118164,168.901,344.35884618759155,-145.099,29.326035976409912,0.6932967305183411
2026-06-16,18,423.7,430.789258480072,499.266,422.0907304286957,75.56600000000003,-8.698528051376343,0.4653032124042511
2026-06-16,19,470.05,476.9156789779663,524.195,536.8071506023407,54.14500000000004,59.89147162437439,0.6813788414001465
2026-06-16,20,460.45,479.72056102752686,472.235,505.9507565498352,11.785000000000025,26.23019552230835,0.449992299079895
2026-06-16,21,440.0,434.03457021713257,411.149,503.0175316333771,-28.851,68.9829614162445,0.7652708292007446
2026-06-16,22,433.77,443.79793763160706,386.038,512.0610401630402,-47.73199999999997,68.2631025314331,0.6756506562232971
2026-06-16,23,440.0,465.73558044433594,437.608,488.9819712638855,-2.391999999999996,23.24639081954956,0.5489987730979919
2026-06-16,24,450.5,459.3194284439087,459.6,479.3591694831848,9.100000000000023,20.039741039276123,0.7795612812042236
2026-06-17,1,487.5,461.9632225036621,519.701,516.3563261032104,32.20100000000002,54.39310359954834,0.8756994605064392
2026-06-17,2,469.35,422.1267738342285,494.701,452.9482932090759,25.351,30.821519374847412,0.8380277156829834
2026-06-17,3,460.0,412.01597690582275,500.579,428.29083609580994,40.57900000000001,16.274859189987183,0.6257281303405762
2026-06-17,4,462.5,410.18024921417236,518.595,407.05885076522827,56.09500000000003,-3.121398448944092,0.28317174315452576
2026-06-17,5,494.2,445.54365730285645,524.467,444.7008271217346,30.266999999999996,-0.8428301811218262,0.42489221692085266
2026-06-17,6,496.9,458.8974723815918,433.381,445.65978956222534,-63.519000000000005,-13.237682819366455,0.5744162201881409
2026-06-17,7,333.5,361.4465732574463,-3.522,388.1796305179596,-337.022,26.733057260513306,0.6923812627792358
2026-06-17,8,384.75,294.919734954834,257.701,361.4514527320862,-127.04899999999998,66.5317177772522,0.7804915308952332
2026-06-17,9,350.0,267.92794609069824,262.809,300.27068042755127,-87.19099999999997,32.34273433685303,0.7370433211326599
2026-06-17,10,300.0,164.96701526641846,256.525,363.71998023986816,-43.47500000000002,198.7529649734497,0.5618563890457153
2026-06-17,11,247.47,148.90134239196777,343.621,231.38815116882324,96.15099999999998,82.48680877685547,0.7522721886634827
2026-06-17,12,171.76,91.52042865753174,454.27,179.7730631828308,282.51,88.25263452529907,0.6130197644233704
2026-06-17,13,105.0,11.481263637542725,437.585,91.47901391983032,332.585,79.9977502822876,0.49501392245292664
2026-06-17,14,65.22,41.38912105560303,435.874,126.21929502487183,370.654,84.8301739692688,0.650019109249115
2026-06-17,15,135.0,217.6323356628418,400.39,258.21774339675903,265.39,40.585407733917236,0.6575524210929871
2026-06-17,16,357.1,302.89130544662476,495.954,305.82131177186966,138.85399999999998,2.9300063252449036,0.5984927415847778
2026-06-17,17,448.12,377.19301891326904,495.524,474.7381989955902,47.403999999999996,97.54518008232117,0.8018482327461243
2026-06-17,18,550.0,517.8304877281189,525.519,577.4412412643433,-24.480999999999995,59.610753536224365,0.7373733520507812
2026-06-17,19,600.0,557.2215685844421,532.348,605.0514030456543,-67.65200000000004,47.82983446121216,0.7556340098381042
2026-06-17,20,519.06,556.9886064529419,538.492,622.0089802742004,19.432000000000016,65.02037382125854,0.7967051863670349
2026-06-17,21,523.37,557.2640810012817,549.829,590.6048812866211,26.458999999999946,33.340800285339355,0.6727570295333862
2026-06-17,22,570.0,535.1422834396362,542.447,537.9093334078789,-27.552999999999997,2.7670499682426453,0.30951589345932007
2026-06-17,23,574.56,538.6287913322449,536.59,542.0286769866943,-37.969999999999914,3.399885654449463,0.19617806375026703
2026-06-17,24,594.5,540.9509677886963,544.118,557.0094842910767,-50.38199999999995,16.05851650238037,0.40691709518432617
2026-06-18,1,500.0,583.2416343688965,416.307,567.6953983306885,-83.69299999999998,-15.546236038208008,0.35040807723999023
2026-06-18,2,448.96,564.0437188148499,400.529,547.2848596572876,-48.43099999999998,-16.758859157562256,0.4158458113670349
2026-06-18,3,444.4,569.9266495704651,393.695,565.1888980865479,-50.704999999999984,-4.737751483917236,0.5135213732719421
2026-06-18,4,444.45,587.2083969116211,391.295,565.7246626615524,-53.15499999999997,-21.483734250068665,0.2659831643104553
2026-06-18,5,450.0,590.092230796814,393.194,587.5089888572693,-56.80599999999998,-2.5832419395446777,0.653882622718811
2026-06-18,6,450.0,584.0494365692139,383.466,552.3813849389553,-66.53399999999999,-31.66805163025856,0.446491539478302
2026-06-18,7,447.0,485.7534556388855,339.8,426.52114510536194,-107.19999999999999,-59.23231053352356,0.3807705342769623
2026-06-18,8,452.0,393.35888290405273,363.062,353.51978650689125,-88.93799999999999,-39.839096397161484,0.4265172481536865
2026-06-18,9,472.5,366.5827405452728,392.748,396.8590525314212,-79.75200000000001,30.276311986148357,0.5776126980781555
2026-06-18,10,450.95,356.9368290901184,396.857,373.67139879614115,-54.09299999999996,16.73456970602274,0.6802139282226562
2026-06-18,11,455.0,332.94103240966797,393.043,407.1432977616787,-61.956999999999994,74.20226535201073,0.8360930681228638
2026-06-18,12,415.0,313.7539858818054,382.209,336.9455391764641,-32.791,23.19155329465866,0.7070541977882385
2026-06-18,13,385.0,275.5765700340271,357.41,314.101793885231,-27.589999999999975,38.52522385120392,0.8025230169296265
2026-06-18,14,397.0,312.9343228340149,378.769,331.74093770980835,-18.230999999999995,18.806614875793457,0.6528581380844116
2026-06-18,15,383.5,342.13203859329224,384.457,395.71586084365845,0.9569999999999936,53.58382225036621,0.8488413691520691
2026-06-18,16,451.96,367.9476885795593,399.8,419.3676985502243,-52.15999999999997,51.42000997066498,0.8741563558578491
2026-06-18,17,465.8,489.31033539772034,401.937,499.6853997707367,-63.863,10.375064373016357,0.690642237663269
2026-06-18,18,500.0,503.0341649055481,402.08,487.7356276512146,-97.92000000000002,-15.298537254333496,0.439171701669693
2026-06-18,19,520.0,491.0672104358673,409.448,528.14617228508,-110.55200000000002,37.07896184921265,0.6566073298454285
2026-06-18,20,497.99,507.1584768295288,410.111,518.4827711582184,-87.87900000000002,11.324294328689575,0.5235669016838074
2026-06-18,21,507.0,511.2351429462433,405.319,492.6711390018463,-101.68099999999998,-18.564003944396973,0.25089603662490845
2026-06-18,22,505.25,524.9242235422134,405.494,514.5401476621628,-99.75599999999997,-10.38407588005066,0.10029927641153336
2026-06-18,23,498.38,514.8933081626892,401.473,497.9115135669708,-96.90699999999998,-16.981794595718384,0.08609017729759216
2026-06-18,24,495.0,515.8156094551086,406.112,507.3689160346985,-88.88799999999998,-8.446693420410156,0.20719163119792938
2026-06-19,1,426.5,464.9668927192688,386.102,377.1909222602844,-40.398000000000025,-87.77597045898438,0.036539919674396515
2026-06-19,2,410.0,446.5230965614319,381.265,381.4313588142395,-28.735000000000014,-65.09173774719238,0.01863056980073452
2026-06-19,3,412.15,433.1032860279083,374.625,365.2783787250519,-37.52499999999998,-67.82490730285645,0.011744251474738121
2026-06-19,4,406.5,437.9246435165405,372.93,380.1622829437256,-33.56999999999999,-57.76236057281494,0.01575813628733158
2026-06-19,5,420.5,446.45018124580383,371.309,377.7123875617981,-49.190999999999974,-68.73779368400574,0.01497976016253233
2026-06-19,6,420.41,451.2859606742859,364.397,388.35087966918945,-56.013000000000034,-62.935081005096436,0.03609131649136543
2026-06-19,7,380.0,438.9965863227844,358.483,348.89113545417786,-21.516999999999996,-90.10545086860657,0.04384889453649521
2026-06-19,8,394.38,445.5951671600342,372.886,401.52447605133057,-21.49399999999997,-44.07069110870361,0.0221861619502306
2026-06-19,9,450.0,439.21147203445435,382.978,389.08986312150955,-67.02199999999999,-50.121608912944794,0.05838548019528389
2026-06-19,10,465.28,447.011212348938,396.767,404.7851297259331,-68.51299999999998,-42.22608262300491,0.06703512370586395
2026-06-19,11,455.5,445.6610404253006,385.056,403.72095292806625,-70.44400000000002,-41.940087497234344,0.05708760395646095
2026-06-19,12,451.0,424.5287780761719,379.138,380.26751828193665,-71.86200000000002,-44.26125979423523,0.08729176223278046
2026-06-19,13,418.0,417.2227246761322,366.008,327.75006756186485,-51.99200000000002,-89.47265711426735,0.02846411243081093
2026-06-19,14,430.0,415.4160633087158,376.857,304.55495023727417,-53.14299999999997,-110.86111307144165,0.03633810952305794
2026-06-19,15,450.75,423.2269915342331,370.322,304.85253831744194,-80.428,-118.37445321679115,0.04786662757396698
2026-06-19,16,491.25,428.0667791366577,356.862,371.5765565931797,-134.38799999999998,-56.49022254347801,0.24533534049987793
2026-06-19,17,404.0,454.0291793346405,348.118,357.57967603206635,-55.882000000000005,-96.44950330257416,0.041270554065704346
2026-06-19,18,423.05,478.258593082428,357.396,363.6545430421829,-65.654,-114.60405004024506,0.00785356666892767
2026-06-19,19,432.0,476.7722440958023,371.56,387.0667521953583,-60.44,-89.70549190044403,0.018301310017704964
2026-06-19,20,448.0,473.49097180366516,380.882,385.81892827153206,-67.118,-87.6720435321331,0.02066974900662899
2026-06-19,21,444.5,477.69375985860825,387.025,402.317561596632,-57.47500000000002,-75.37619826197624,0.035847876220941544
2026-06-19,22,430.5,479.0616518855095,391.007,420.2975106239319,-39.492999999999995,-58.764141261577606,0.05862600356340408
2026-06-19,23,439.49,474.56749176979065,383.505,425.3689898401499,-55.985000000000014,-49.19850192964077,0.07195532321929932
2026-06-19,24,445.5,474.39512634277344,385.792,440.9959143474698,-59.70800000000003,-33.39921199530363,0.11225079745054245
2026-06-20,1,502.98,448.7238521575928,477.843,414.85275650024414,-25.137,-33.87109565734863,0.0444556400179863
2026-06-20,2,500.0,449.76488876342773,456.687,420.6741638183594,-43.31299999999999,-29.09072494506836,0.05891700088977814
2026-06-20,3,463.85,436.92216396331787,410.495,405.6145086288452,-53.35500000000002,-31.307655334472656,0.05420411005616188
2026-06-20,4,443.12,432.2403202056885,383.252,398.7748384475708,-59.867999999999995,-33.465481758117676,0.026574745774269104
2026-06-20,5,453.12,455.2449378967285,406.229,428.47391295433044,-46.89100000000002,-26.77102494239807,0.04214765131473541
2026-06-20,6,455.0,450.92219257354736,393.203,448.46282824873924,-61.797000000000025,-2.4593643248081207,0.07704225927591324
2026-06-20,7,318.5,384.9906463623047,116.861,323.6493593454361,-201.639,-61.34128701686859,0.24326764047145844
2026-06-20,8,300.0,306.77836322784424,7.669,212.68204641342163,-292.331,-94.09631681442261,0.13149863481521606
2026-06-20,9,200.0,200.6280059814453,-77.013,86.87755882740021,-277.01300000000003,-113.7504471540451,0.06092279776930809
2026-06-20,10,201.0,23.618967056274414,-80.0,-65.88225960731506,-281.0,-89.50122666358948,0.04576467350125313
2026-06-20,11,141.0,9.94069528579712,-80.0,-42.03797423839569,-221.0,-51.97866952419281,0.03130630776286125
2026-06-20,12,63.5,11.452678680419922,29.781,-6.592366456985474,-33.719,-18.045045137405396,0.11732518672943115
2026-06-20,13,169.0,6.706355333328247,-80.0,-17.56787234544754,-249.0,-24.274227678775787,0.053565170615911484
2026-06-20,14,172.5,16.804773807525635,-80.0,-2.4127126932144165,-252.5,-19.21748650074005,0.06073808670043945
2026-06-20,15,170.0,145.17766761779785,102.706,40.66573756933212,-67.294,-104.51193004846573,0.2113490104675293
2026-06-20,16,289.24,334.7570331096649,296.831,274.9092400074005,7.591000000000008,-59.847793102264404,0.10301719605922699
2026-06-20,17,385.57,432.2920560836792,376.825,419.5205183625221,-8.745000000000005,-12.771537721157074,0.0764589011669159
2026-06-20,18,495.55,500.86190605163574,445.686,472.6901332139969,-49.86400000000003,-28.171772837638855,0.071298748254776
2026-06-20,19,500.0,494.79749631881714,506.596,485.5912036895752,6.596000000000004,-9.206292629241943,0.21454113721847534
2026-06-20,20,510.0,501.67687940597534,502.486,484.7846491932869,-7.51400000000001,-16.892230212688446,0.15413273870944977
2026-06-20,21,484.87,505.77849793434143,509.51,495.49665039777756,24.639999999999986,-10.281847536563873,0.25046390295028687
2026-06-20,22,476.95,494.143625497818,508.005,479.3251633942127,31.055000000000007,-14.81846210360527,0.19625413417816162
2026-06-20,23,492.0,493.5395588874817,518.743,484.349717348814,26.743000000000052,-9.189841538667679,0.19622892141342163
2026-06-20,24,502.5,498.6698360443115,523.21,499.77168077230453,20.710000000000036,1.1018447279930115,0.24607926607131958
2026-06-21,1,438.35,496.4472131729126,416.346,547.2056875228882,-22.00400000000002,50.758474349975586,0.8324674367904663
2026-06-21,2,434.3,479.9814796447754,404.516,502.7322356700897,-29.783999999999992,22.75075602531433,0.5393765568733215
2026-06-21,3,423.7,475.69686126708984,394.893,499.0336022377014,-28.807000000000016,23.336740970611572,0.5937248468399048
2026-06-21,4,396.0,469.02764892578125,386.39,495.58789253234863,-9.610000000000014,26.560243606567383,0.5982109904289246
2026-06-21,5,439.72,461.2088747024536,382.759,462.2883973121643,-56.96100000000001,1.0795226097106934,0.29171645641326904
2026-06-21,6,362.5,451.3681640625,371.208,433.85202956199646,8.708000000000027,-17.51613450050354,0.23508229851722717
2026-06-21,7,328.15,417.8813419342041,349.24,343.16408598423004,21.090000000000032,-74.71725594997406,0.06445422768592834
2026-06-21,8,351.68,401.71641635894775,343.533,378.9620273113251,-8.146999999999991,-22.75438904762268,0.11526700854301453
2026-06-21,9,428.0,408.5724205970764,354.789,419.35078263282776,-73.21100000000001,10.778362035751343,0.24321207404136658
2026-06-21,10,425.66,390.71069383621216,364.265,402.97043895721436,-61.39500000000004,12.259745121002197,0.14601323008537292
2026-06-21,11,429.96,402.8625214099884,374.474,421.11797618865967,-55.48599999999999,18.255454778671265,0.2664391100406647
2026-06-21,12,424.5,397.6066482067108,386.071,362.52554190158844,-38.428999999999974,-35.081106305122375,0.21794302761554718
2026-06-21,13,452.45,380.77200174331665,372.617,366.56938576698303,-79.83299999999997,-14.202615976333618,0.1722303032875061
2026-06-21,14,427.5,436.9099682569504,387.757,438.6955688595772,-39.742999999999995,1.7856006026268005,0.10474231094121933
2026-06-21,15,420.5,458.60569024086,390.907,422.65274155139923,-29.593000000000018,-35.952948689460754,0.10265318304300308
2026-06-21,16,382.46,485.1574764251709,406.008,455.69324588775635,23.548000000000002,-29.46423053741455,0.07619576156139374
2026-06-21,17,397.0,482.26689690351486,398.715,457.8631232380867,1.714999999999975,-24.40377366542816,0.060897279530763626
2026-06-21,18,400.5,490.71325492858887,395.857,466.2342553138733,-4.642999999999972,-24.478999614715576,0.1013236716389656
2026-06-21,19,395.5,496.90790724754333,401.602,469.171724319458,6.101999999999975,-27.736182928085327,0.1838899552822113
2026-06-21,20,409.5,488.4461525082588,409.299,471.38703256845474,-0.20100000000002183,-17.059119939804077,0.1705475151538849
2026-06-21,21,416.0,475.2206989750266,413.919,461.6960467323661,-2.0810000000000173,-13.524652242660522,0.1868182271718979
2026-06-21,22,411.38,463.7663868665695,409.303,452.65650844573975,-2.076999999999998,-11.109878420829773,0.1359594166278839
2026-06-21,23,415.5,465.17022013664246,399.023,465.20869839191437,-16.476999999999975,0.03847825527191162,0.32201454043388367
2026-06-21,24,441.76,468.8977127671242,399.616,491.9445570111275,-42.144000000000005,23.046844244003296,0.2350197732448578
2026-06-22,1,513.25,459.439640045166,510.574,428.05221939086914,-2.6759999999999877,-31.387420654296875,0.04118061065673828
2026-06-22,2,477.75,441.3198471069336,493.092,410.4030237197876,15.341999999999985,-30.916823387145996,0.03172586113214493
2026-06-22,3,471.26,436.54822540283203,467.615,397.32700061798096,-3.644999999999982,-39.221224784851074,0.017017297446727753
2026-06-22,4,550.25,428.5102868080139,476.753,385.50019884109497,-73.49700000000001,-43.010087966918945,0.018515300005674362
2026-06-22,5,493.25,437.79207038879395,498.691,398.86986446380615,5.440999999999974,-38.92220592498779,0.020968463271856308
2026-06-22,6,608.0,440.05178451538086,443.153,416.68242931365967,-164.84699999999998,-23.36935520172119,0.04204089567065239
2026-06-22,7,323.18,400.8392610549927,319.536,331.43574047088623,-3.6440000000000055,-69.40352058410645,0.022699343040585518
2026-06-22,8,318.15,388.52637243270874,359.397,338.6372666358948,41.247000000000014,-49.889105796813965,0.03147244453430176
2026-06-22,9,294.5,394.38606357574463,350.632,358.5617780685425,56.132000000000005,-35.82428550720215,0.12058976292610168
2026-06-22,10,257.0,344.3788423538208,411.647,298.8957042694092,154.647,-45.48313808441162,0.13603682816028595
2026-06-22,11,188.0,257.5346727371216,274.418,176.54223084449768,86.418,-80.9924418926239,0.13548673689365387
2026-06-22,12,109.0,177.75694751739502,34.708,147.13795602321625,-74.292,-30.618991494178772,0.11429096013307571
2026-06-22,13,0.0,125.94788980484009,-64.333,75.90415477752686,-64.333,-50.04373502731323,0.1484825611114502
2026-06-22,14,3.0,124.51013278961182,-60.105,55.542720437049866,-63.105,-68.96741235256195,0.11750885099172592
2026-06-22,15,50.0,224.34546875953674,-80.0,132.59438121318817,-130.0,-91.75108754634857,0.08214591443538666
2026-06-22,16,217.59,324.99083137512207,-80.0,248.61233711242676,-297.59000000000003,-76.37849426269531,0.19220829010009766
2026-06-22,17,347.5,378.92128586769104,121.847,353.95806908607483,-225.65300000000002,-24.96321678161621,0.23373986780643463
2026-06-22,18,448.39,444.4389259815216,407.9,437.23358178138733,-40.49000000000001,-7.205344200134277,0.3392225205898285
2026-06-22,19,491.53,473.89112973213196,425.827,435.99360197782516,-65.70299999999997,-37.89752775430679,0.4201410412788391
2026-06-22,20,475.92,477.79930651187897,404.189,448.6571596264839,-71.731,-29.14214688539505,0.42286938428878784
2026-06-22,21,440.5,463.1953318119049,386.503,436.22479224205017,-53.997000000000014,-26.970539569854736,0.21345506608486176
2026-06-22,22,469.68,470.3291962146759,396.476,445.05404007434845,-73.20400000000001,-25.275156140327454,0.1741720288991928
2026-06-22,23,489.63,480.9099762439728,415.65,461.8060998916626,-73.98000000000002,-19.10387635231018,0.34398454427719116
2026-06-22,24,555.49,485.11164677143097,460.06,470.69672852754593,-95.43,-14.41491824388504,0.3879523277282715
2026-06-23,1,493.15,506.91113805770874,516.298,452.75868368148804,23.148000000000025,-54.1524543762207,0.10786652565002441
2026-06-23,2,483.5,487.09764671325684,484.224,454.27770805358887,0.7239999999999895,-32.81993865966797,0.215510755777359
2026-06-23,3,462.5,489.88323736190796,461.672,452.75839376449585,-0.8279999999999745,-37.12484359741211,0.12478484213352203
2026-06-23,4,445.0,496.15248823165894,431.834,459.6586036682129,-13.165999999999997,-36.493884563446045,0.239981546998024
2026-06-23,5,456.0,489.7439389228821,420.861,452.93369579315186,-35.13900000000001,-36.810243129730225,0.18283049762248993
2026-06-23,6,432.5,457.63623213768005,372.65,384.0190007686615,-59.85000000000002,-73.61723136901855,0.17645743489265442
2026-06-23,7,309.0,342.6353120803833,29.937,205.20120525360107,-279.063,-137.43410682678223,0.16004948318004608
2026-06-23,8,300.0,317.32610535621643,-80.0,221.1128442287445,-380.0,-96.21326112747192,0.3656625747680664
2026-06-23,9,255.0,282.5192856788635,-80.0,195.61647510528564,-335.0,-86.90281057357788,0.5658194422721863
2026-06-23,10,247.0,178.36028623580933,-74.099,83.67436349391937,-321.099,-94.68592274188995,0.30084553360939026
2026-06-23,11,107.5,119.56651496887207,-23.296,52.69174265861511,-130.796,-66.87477231025696,0.3360989987850189
2026-06-23,12,87.61,5.339959383010864,78.628,-0.05520665645599365,-8.982,-5.395166039466858,0.15965372323989868
2026-06-23,13,2.5,35.262396693229675,190.103,5.415929913520813,187.603,-29.846466779708862,0.2625548243522644
2026-06-23,14,93.52,7.089752912521362,361.486,5.033522665500641,267.966,-2.0562302470207214,0.3376995623111725
2026-06-23,15,112.45,69.52700316905975,341.749,38.95071256160736,229.29900000000004,-30.576290607452393,0.12245968729257584
2026-06-23,16,177.85,264.9693293571472,368.4,82.53555130958557,190.54999999999998,-182.43377804756165,0.11712221801280975
2026-06-23,17,336.5,359.23973178863525,350.562,204.89075207710266,14.062000000000012,-154.3489797115326,0.09269240498542786
2026-06-23,18,441.0,426.1620409488678,408.223,379.5604782104492,-32.77699999999999,-46.60156273841858,0.11508341878652573
2026-06-23,19,490.5,457.17636370658875,411.802,393.7071152329445,-78.69799999999998,-63.46924847364426,0.13214266300201416
2026-06-23,20,454.0,447.9286277294159,410.525,394.1955820918083,-43.47500000000002,-53.733045637607574,0.07974687218666077
2026-06-23,21,432.98,448.98944449424744,427.293,377.62991416454315,-5.687000000000012,-71.35953032970428,0.05745718255639076
2026-06-23,22,441.11,450.713033080101,424.418,365.6018299460411,-16.692000000000007,-85.1112031340599,0.037973806262016296
2026-06-23,23,455.0,451.8551870584488,428.578,370.32648611068726,-26.422000000000025,-81.52870094776154,0.035025469958782196
2026-06-23,24,470.0,467.01925349235535,411.13,393.4099603295326,-58.870000000000005,-73.60929316282272,0.1236911192536354
2026-06-24,1,470.0,469.77833795547485,485.014,451.0867075920105,15.01400000000001,-18.691630363464355,0.12565258145332336
2026-06-24,2,450.0,447.17151141166687,444.458,419.0300452709198,-5.541999999999973,-28.14146614074707,0.15763744711875916
2026-06-24,3,435.0,437.4005558490753,425.39,416.7212154865265,-9.610000000000014,-20.679340362548828,0.17267097532749176
2026-06-24,4,428.5,437.3671245574951,399.386,407.2956714630127,-29.113999999999976,-30.071453094482422,0.38923731446266174
2026-06-24,5,450.0,439.77535605430603,404.721,425.00950264930725,-45.278999999999996,-14.76585340499878,0.3877870440483093
2026-06-24,6,400.0,454.0905044078827,356.84,427.2002546787262,-43.160000000000025,-26.890249729156494,0.21986910700798035
2026-06-24,7,273.25,366.0432343482971,10.206,258.4510950446129,-263.044,-107.59213930368423,0.12630592286586761
2026-06-24,8,285.0,339.24912083148956,371.431,248.033218562603,86.43099999999998,-91.21590226888657,0.18315187096595764
2026-06-24,9,100.0,282.9603123664856,355.425,171.6868702992797,255.425,-111.2734420672059,0.34003138542175293
2026-06-24,10,100.0,213.84319311380386,277.493,199.6432507187128,177.493,-14.199942395091057,0.16294485330581665
2026-06-24,11,100.0,134.27277106046677,137.715,139.85560590028763,37.715,5.582834839820862,0.15483419597148895
2026-06-24,12,96.25,73.87260162830353,-31.51,161.00424939393997,-127.76,87.13164776563644,0.21631155908107758
2026-06-24,13,44.0,51.20077967643738,-35.007,61.17192721366882,-79.007,9.971147537231445,0.16685377061367035
2026-06-24,14,100.0,50.01366049051285,-51.674,57.38769668340683,-151.674,7.374036192893982,0.2924189865589142
2026-06-24,15,91.21,88.36485488712788,-59.645,104.45426233112812,-150.855,16.089407444000244,0.47301211953163147
2026-06-24,16,200.0,269.3856631666422,-72.714,274.16437877714634,-272.714,4.77871561050415,0.668375551700592
2026-06-24,17,350.0,387.82835125923157,164.921,401.38254570961,-185.079,13.554194450378418,0.5143813490867615
2026-06-24,18,412.41,481.91805654764175,444.819,493.90730530023575,32.40899999999999,11.989248752593994,0.3884590268135071
2026-06-24,19,475.0,512.2646870017052,465.57,533.7900225520134,-9.430000000000007,21.525335550308228,0.6498873829841614
2026-06-24,20,481.77,501.4293750524521,439.621,528.4807382822037,-42.149,27.051363229751587,0.3858407139778137
2026-06-24,21,495.0,493.8060746192932,398.774,508.9969792366028,-96.226,15.19090461730957,0.40164825320243835
2026-06-24,22,484.0,497.2032667398453,384.504,502.1042321920395,-99.49599999999998,4.900965452194214,0.32475337386131287
2026-06-24,23,445.0,500.52036064863205,407.779,513.920350253582,-37.221000000000004,13.399989604949951,0.38902780413627625
2026-06-24,24,490.44,504.9744392633438,413.48,517.265676856041,-76.95999999999998,12.291237592697144,0.5281503200531006
2026-06-25,1,516.0,467.7728042602539,453.152,421.79264640808105,-62.84800000000001,-45.98015785217285,0.3834226429462433
2026-06-25,2,491.0,453.7437448501587,405.279,419.57722663879395,-85.721,-34.166518211364746,0.26188167929649353
2026-06-25,3,476.63,448.95500898361206,396.375,416.889844417572,-80.255,-32.06516456604004,0.16583465039730072
2026-06-25,4,467.36,438.6517930030823,403.183,409.9489731788635,-64.17700000000002,-28.70281982421875,0.12627682089805603
2026-06-25,5,463.5,442.97546434402466,430.676,411.1432557106018,-32.82400000000001,-31.83220863342285,0.08850639313459396
2026-06-25,6,439.47,432.1839027404785,441.665,395.59630393981934,2.194999999999993,-36.58759880065918,0.17367471754550934
2026-06-25,7,280.0,331.8058934211731,239.846,238.9713134765625,-40.153999999999996,-92.8345799446106,0.10449458658695221
2026-06-25,8,300.0,322.7311990261078,349.909,239.56791949272156,49.90899999999999,-83.16327953338623,0.21860182285308838
2026-06-25,9,208.0,243.8646945953369,338.798,151.2495186328888,130.798,-92.61517596244812,0.3503726124763489
2026-06-25,10,197.36,187.02700686454773,2.508,160.49892020225525,-194.852,-26.52808666229248,0.20684219896793365
2026-06-25,11,108.12,158.959965467453,149.254,118.12585759162903,41.133999999999986,-40.834107875823975,0.2765556573867798
2026-06-25,12,49.62,79.35555362701416,310.531,150.32058477401733,260.911,70.96503114700317,0.4214584529399872
2026-06-25,13,53.15,33.48404026031494,11.251,56.05075979232788,-41.899,22.56671953201294,0.25556761026382446
2026-06-25,14,20.0,44.70151376724243,-56.72,70.45877802371979,-76.72,25.757264256477356,0.32311391830444336
2026-06-25,15,20.17,63.36942434310913,-80.0,64.53589177131653,-100.17,1.1664674282073975,0.3602750301361084
2026-06-25,16,116.36,194.57300853729248,-80.0,113.63496947288513,-196.36,-80.93803906440735,0.5777007937431335
2026-06-25,17,275.0,307.5217489004135,-69.678,265.5021572113037,-344.678,-42.0195916891098,0.49205049872398376
2026-06-25,18,400.0,435.4156571626663,216.252,389.3547178506851,-183.748,-46.0609393119812,0.12197946757078171
2026-06-25,19,454.69,492.05915462970734,426.49,480.63810431957245,-28.19999999999999,-11.421050310134888,0.12132631242275238
2026-06-25,20,458.5,492.75006651878357,369.465,474.42955017089844,-89.03500000000003,-18.320516347885132,0.22416263818740845
2026-06-25,21,431.5,492.56562650203705,354.842,482.04091680049896,-76.65800000000002,-10.524709701538086,0.2354419082403183
2026-06-25,22,440.79,484.19835221767426,354.592,492.3192859888077,-86.19800000000004,8.120933771133423,0.4095029830932617
2026-06-25,23,471.94,480.315508723259,381.658,495.65688264369965,-90.28199999999998,15.341373920440674,0.5890086889266968
2026-06-25,24,466.0,494.05874794721603,417.484,503.5301710963249,-48.51600000000002,9.471423149108887,0.7011333703994751
2026-06-26,1,500.5,458.1061592102051,525.332,414.9430561065674,24.831999999999994,-43.163103103637695,0.3603459894657135
2026-06-26,2,480.37,449.5598487854004,484.721,416.1797790527344,4.350999999999999,-33.380069732666016,0.3414853513240814
2026-06-26,3,471.5,458.5231018066406,449.648,439.9392671585083,-21.851999999999975,-18.583834648132324,0.32759931683540344
2026-06-26,4,460.08,462.8277645111084,437.172,437.60991382598877,-22.90799999999996,-25.21785068511963,0.38107192516326904
2026-06-26,5,449.48,463.46442794799805,431.969,436.79914379119873,-17.511000000000024,-26.665284156799316,0.383363276720047
2026-06-26,6,426.5,448.63635635375977,380.368,416.78686332702637,-46.132000000000005,-31.8494930267334,0.3812597990036011
2026-06-26,7,257.58,270.34930419921875,-65.103,137.66146612167358,-322.683,-132.68783807754517,0.5701553821563721
2026-06-26,8,296.9,274.5766487121582,189.165,220.9245057106018,-107.73499999999999,-53.6521430015564,0.39478009939193726
2026-06-26,9,194.5,219.7257423400879,104.47,170.01116156578064,-90.03,-49.71458077430725,0.2796232998371124
2026-06-26,10,130.16,128.22552967071533,422.51,79.943106174469,292.35,-48.28242349624634,0.6064050197601318
2026-06-26,11,99.5,130.18062782287598,467.25,92.81668829917908,367.75,-37.3639395236969,0.18111565709114075
2026-06-26,12,83.91,74.01788425445557,446.976,91.12433934211731,363.06600000000003,17.106455087661743,0.15131476521492004
2026-06-26,13,28.45,38.43003845214844,361.139,0.4481372833251953,332.689,-37.98190116882324,0.13911883533000946
2026-06-26,14,107.42,51.08711624145508,353.052,136.20065259933472,245.632,85.11353635787964,0.3943573236465454
2026-06-26,15,143.69,132.14393424987793,322.553,238.64971661567688,178.863,106.50578236579895,0.45817890763282776
2026-06-26,16,300.0,282.9179267883301,342.958,347.49611735343933,42.95800000000003,64.57819056510925,0.40434589982032776
2026-06-26,17,393.0,394.59958267211914,373.244,433.1885920763016,-19.755999999999972,38.589009404182434,0.3869415521621704
2026-06-26,18,466.0,466.0586881637573,440.154,439.8962242603302,-25.846000000000004,-26.162463903427124,0.22658619284629822
2026-06-26,19,487.5,495.0903706550598,474.763,461.0594002008438,-12.737000000000023,-34.030970454216,0.2748447358608246
2026-06-26,20,473.5,492.8001775741577,473.22,491.1195312142372,-0.2799999999999727,-1.6806463599205017,0.531359076499939
2026-06-26,21,481.5,488.4169406890869,480.763,491.12759280204773,-0.7370000000000232,2.7106521129608154,0.4118269979953766
2026-06-26,22,473.49,475.6503758430481,484.224,483.1465071439743,10.73399999999998,7.4961313009262085,0.41582825779914856
2026-06-26,23,479.0,475.56439089775085,496.24,494.5569944381714,17.24000000000001,18.992603540420532,0.28652313351631165
2026-06-26,24,474.02,485.08948945999146,524.943,503.63446521759033,50.923,18.544975757598877,0.4985140860080719
2026-06-27,1,492.0,495.1905765533447,539.687,562.9635767936707,47.68700000000001,67.77300024032593,0.8570245504379272
2026-06-27,2,462.0,484.1305103302002,527.258,541.4543631076813,65.25800000000004,57.32385277748108,0.8856508135795593
2026-06-27,3,440.5,487.4822111129761,498.461,534.8188426494598,57.96100000000001,47.336631536483765,0.6230701804161072
2026-06-27,4,427.13,485.90443992614746,476.403,526.7129876613617,49.273000000000025,40.80854773521423,0.6535071730613708
2026-06-27,5,430.0,483.50994539260864,478.854,561.9973983764648,48.853999999999985,78.4874529838562,0.7239283323287964
2026-06-27,6,384.5,472.0853896141052,401.086,521.5572539567947,16.586000000000013,49.471864342689514,0.643787145614624
2026-06-27,7,165.0,319.87838888168335,-61.082,296.6885497570038,-226.082,-23.189839124679565,0.5527079105377197
2026-06-27,8,176.75,302.28643774986267,-80.0,356.90354561805725,-256.75,54.61710786819458,0.49982064962387085
2026-06-27,9,65.61,239.06913709640503,-80.0,337.5993437767029,-145.61,98.53020668029785,0.6170262098312378
2026-06-27,10,15.0,147.34802103042603,-80.0,410.9919580221176,-95.0,263.6439369916916,0.6709680557250977
2026-06-27,11,50.0,111.55253386497498,-75.021,292.0114578008652,-125.021,180.4589239358902,0.5286752581596375
2026-06-27,12,0.0,41.041293144226074,1.377,86.54256439208984,1.377,45.50127124786377,0.19715750217437744
2026-06-27,13,-20.0,-1.2254209518432617,-10.059,47.38440012931824,9.941,48.6098210811615,0.11932838708162308
2026-06-27,14,0.0,18.26218032836914,-24.809,94.96369814872742,-24.809,76.70151782035828,0.27410584688186646
2026-06-27,15,0.0,40.375730752944946,-63.191,105.46135473251343,-63.191,65.08562397956848,0.3001890778541565
2026-06-27,16,32.23,158.05435848236084,54.82,75.57067251205444,22.590000000000003,-82.4836859703064,0.2013574242591858
2026-06-27,17,300.5,316.1157863140106,284.377,237.4411325454712,-16.12299999999999,-78.67465376853943,0.4395475685596466
2026-06-27,18,400.0,490.79462933540344,421.547,487.00553381443024,21.547000000000025,-3.7890955209732056,0.2783970534801483
2026-06-27,19,420.0,525.2147833108902,401.336,476.16145145893097,-18.663999999999987,-49.05333185195923,0.11747908592224121
2026-06-27,20,410.0,532.3066568374634,350.74,479.1470184326172,-59.25999999999999,-53.15963840484619,0.1491508185863495
2026-06-27,21,410.0,533.0655912160873,352.457,486.9559141397476,-57.543000000000006,-46.10967707633972,0.12428192049264908
2026-06-27,22,400.0,519.338517665863,361.782,477.91747856140137,-38.21800000000002,-41.42103910446167,0.11089655756950378
2026-06-27,23,385.0,508.9508810043335,386.985,473.28888297080994,1.9850000000000136,-35.66199803352356,0.12776002287864685
2026-06-27,24,385.0,499.1244515180588,402.6,421.641499042511,17.600000000000023,-77.48295247554779,0.0687890276312828
2026-06-28,1,430.0,413.3513946533203,398.752,381.58435916900635,-31.24799999999999,-31.767035484313965,0.42137226462364197
2026-06-28,2,210.0,401.1027069091797,352.702,365.3529577255249,142.702,-35.749749183654785,0.3162328600883484
2026-06-28,3,382.0,377.35793685913086,355.435,334.48226165771484,-26.564999999999998,-42.875675201416016,0.10157712548971176
2026-06-28,4,383.31,369.666540145874,353.072,319.9020891189575,-30.238,-49.764451026916504,0.1065516546368599
2026-06-28,5,346.0,377.65234565734863,355.115,327.43954730033875,9.115000000000009,-50.21279835700989,0.15520498156547546
2026-06-28,6,311.5,349.38671588897705,129.746,279.7890051007271,-181.754,-69.59771078824997,0.15112413465976715
2026-06-28,7,31.12,235.44762802124023,-80.0,115.27997674793005,-111.12,-120.16765127331018,0.22994351387023926
2026-06-28,8,6.0,226.707612991333,-75.38,138.63101309537888,-81.38,-88.07659989595413,0.19554241001605988
2026-06-28,9,154.94,159.31640243530273,-80.0,75.38420981168747,-234.94,-83.93219262361526,0.13240854442119598
2026-06-28,10,51.0,100.7727165222168,-13.3,55.77826142311096,-64.3,-44.994455099105835,0.4786548316478729
2026-06-28,11,0.0,79.84278440475464,39.121,48.671507716178894,39.121,-31.171276688575745,0.4232144355773926
2026-06-28,12,0.0,1.8657550811767578,236.846,60.817709028720856,236.846,58.9519539475441,0.4384011924266815
2026-06-28,13,50.0,-15.492929458618164,-43.51,-56.315031945705414,-93.50999999999999,-40.82210248708725,0.23976680636405945
2026-06-28,14,150.0,24.33824920654297,-49.087,-6.421402871608734,-199.087,-30.759652078151703,0.38856756687164307
2026-06-28,15,177.86,120.30105876922607,-74.902,62.76452285051346,-252.762,-57.536535918712616,0.5048712491989136
2026-06-28,16,200.0,254.5579719543457,153.077,163.10907953977585,-46.923,-91.44889241456985,0.11896631866693497
2026-06-28,17,300.0,356.6698923110962,336.007,247.65590703487396,36.007000000000005,-109.01398527622223,0.09355790913105011
2026-06-28,18,350.0,419.57626366615295,394.676,347.8463543653488,44.67599999999999,-71.72990930080414,0.04681220278143883
2026-06-28,19,385.0,433.6144690513611,344.909,337.6110383272171,-40.09100000000001,-96.00343072414398,0.017264341935515404
2026-06-28,20,391.0,435.54469323158264,293.316,346.51076275110245,-97.68400000000003,-89.0339304804802,0.020399142056703568
2026-06-28,21,400.5,429.6190881729126,253.576,343.4991476535797,-146.924,-86.11994051933289,0.018970634788274765
2026-06-28,22,224.75,416.54982328414917,260.921,324.405493080616,36.17099999999999,-92.14433020353317,0.014258472248911858
2026-06-28,23,400.44,418.7164180278778,224.706,333.5174384713173,-175.734,-85.19897955656052,0.014225101098418236
2026-06-28,24,410.5,416.9157290458679,206.057,339.1219992637634,-204.443,-77.79372978210449,0.07820001244544983
2026-06-29,1,431.5,419.71473717689514,368.634,339.98625779151917,-62.865999999999985,-79.72847938537598,0.09831476956605911
2026-06-29,2,426.6,382.36041140556335,342.212,292.8065230846405,-84.38800000000003,-89.55388832092285,0.10978159308433533
2026-06-29,3,495.0,371.2712390422821,347.249,292.64568972587585,-147.75099999999998,-78.62554931640625,0.05299801006913185
2026-06-29,4,383.37,373.46126198768616,357.169,305.235063791275,-26.201000000000022,-68.22619819641113,0.05835279822349548
2026-06-29,5,448.44,411.1766428947449,370.529,350.11762380599976,-77.911,-61.05901908874512,0.06686754524707794
2026-06-29,6,370.5,430.79427695274353,369.589,370.97421431541443,-0.9110000000000014,-59.8200626373291,0.13247458636760712
2026-06-29,7,268.63,299.6297960281372,197.404,226.77716255187988,-71.226,-72.85263347625732,0.24690793454647064
2026-06-29,8,331.6,321.4116938114166,347.287,234.57441353797913,15.686999999999955,-86.8372802734375,0.3225162923336029
2026-06-29,9,384.5,330.8093351125717,372.555,244.06522595882416,-11.944999999999993,-86.74410915374756,0.14839328825473785
2026-06-29,10,376.98,336.1877375841141,381.811,229.37965309619904,4.83099999999996,-106.80808448791504,0.23596005141735077
2026-06-29,11,354.32,279.6052178144455,394.465,164.69927775859833,40.14499999999998,-114.90594005584717,0.32476606965065
2026-06-29,12,290.0,250.83584105968475,370.885,148.64373075962067,80.88499999999999,-102.19211030006409,0.18061013519763947
2026-06-29,13,232.0,151.42186784744263,316.353,61.8392596244812,84.35300000000001,-89.58260822296143,0.3398933708667755
2026-06-29,14,259.5,221.33026552200317,309.556,161.37412762641907,50.05599999999998,-59.956137895584106,0.38952139019966125
2026-06-29,15,325.88,285.10934603214264,355.307,237.0434228181839,29.42700000000002,-48.06592321395874,0.3741634488105774
2026-06-29,16,350.0,336.9111318588257,375.596,265.1143318414688,25.596000000000004,-71.79680001735687,0.23615996539592743
2026-06-29,17,383.9,383.98125874996185,356.282,309.74440228939056,-27.617999999999995,-74.23685646057129,0.12843406200408936
2026-06-29,18,400.0,422.34453523159027,436.111,346.1479765176773,36.11099999999999,-76.19655871391296,0.051822688430547714
2026-06-29,19,436.41,451.83365201950073,451.533,392.41848850250244,15.12299999999999,-59.41516351699829,0.043425995856523514
2026-06-29,20,430.5,443.23312187194824,456.396,379.7334063053131,25.896000000000015,-63.49971556663513,0.047480400651693344
2026-06-29,21,432.4,419.334592461586,467.55,349.8227787017822,35.150000000000034,-69.51181375980377,0.04025671258568764
2026-06-29,22,422.5,368.74816846847534,480.978,273.87740659713745,58.47800000000001,-94.87076187133789,0.04602918028831482
2026-06-29,23,418.0,418.4141719341278,483.624,322.4050102233887,65.62400000000002,-96.00916171073914,0.03627369552850723
2026-06-29,24,474.0,442.67819118499756,477.488,380.33448481559753,3.4879999999999995,-62.343706369400024,0.05730671435594559
2026-06-30,1,411.24,465.9668617248535,383.466,443.2748861312866,-27.774,-22.691975593566895,0.06117865815758705
2026-06-30,2,405.0,461.6606230735779,346.61,435.1106524467468,-58.389999999999986,-26.549970626831055,0.0581737756729126
2026-06-30,3,196.5,459.03837847709656,335.975,431.9852149486542,139.47500000000002,-27.053163528442383,0.05250786617398262
2026-06-30,4,190.0,447.1700019836426,314.84,408.3059940338135,124.83999999999997,-38.8640079498291,0.04643338546156883
2026-06-30,5,359.0,442.29749846458435,320.218,411.58577036857605,-38.78199999999998,-30.7117280960083,0.042890604585409164
2026-06-30,6,364.5,408.87770783901215,314.701,376.21077859401703,-49.79899999999998,-32.66692924499512,0.07333949208259583
2026-06-30,7,307.45,354.5130721628666,215.982,304.0753873363137,-91.46799999999999,-50.43768482655287,0.0733347088098526
2026-06-30,8,352.0,382.33211074769497,419.724,338.4740615002811,67.72399999999999,-43.858049247413874,0.29932069778442383
2026-06-30,9,395.0,403.434775814414,501.863,396.2014255672693,106.863,-7.233350247144699,0.6392935514450073
2026-06-30,10,390.0,395.60297071933746,738.923,371.6526543498039,348.923,-23.95031636953354,0.2781258821487427
2026-06-30,11,380.0,410.2556971311569,631.886,412.0091812610626,251.88599999999997,1.7534841299057007,0.6960343718528748
2026-06-30,12,369.0,381.7773766517639,720.521,375.6758918762207,351.52099999999996,-6.101484775543213,0.6542163491249084
2026-06-30,13,356.5,283.41839545965195,513.749,202.39573085308075,157.24900000000002,-81.0226646065712,0.6283304691314697
2026-06-30,14,369.0,346.2107937335968,425.309,251.01494109630585,56.309000000000026,-95.19585263729095,0.7061759829521179
2026-06-30,15,380.0,380.72020745277405,372.151,294.42487221956253,-7.8489999999999895,-86.29533523321152,0.5975835919380188
2026-06-30,16,369.0,422.4382804632187,428.847,363.9143213033676,59.84699999999998,-58.523959159851074,0.3614501655101776
2026-06-30,17,368.0,413.73530530929565,398.992,459.813645362854,30.99200000000002,46.07834005355835,0.16687558591365814
2026-06-30,18,419.0,456.42282378673553,370.671,474.7677511572838,-48.32900000000001,18.34492737054825,0.33598557114601135
2026-06-30,19,439.5,472.99548876285553,374.171,469.12010633945465,-65.32900000000001,-3.875382423400879,0.4646982252597809
2026-06-30,20,410.75,457.2432174682617,363.707,456.2631772682071,-47.043000000000006,-0.9800402000546455,0.4129699766635895
2026-06-30,21,397.5,453.1552653312683,398.7,448.6140366792679,1.1999999999999886,-4.541228652000427,0.45349475741386414
2026-06-30,22,441.0,446.47854948043823,454.2,418.32445764541626,13.199999999999989,-28.154091835021973,0.15227589011192322
2026-06-30,23,439.0,455.0972123146057,389.629,455.7565747499466,-49.37099999999998,0.6593624353408813,0.21498751640319824
2026-06-30,24,441.65,478.7404718399048,450.344,469.1865599155426,8.694000000000017,-9.553911924362183,0.4292931854724884
